metric,target_count,term,estimate,se_cluster,z_or_t,raw_p,ci_low,ci_high,n_rows,n_subjects,r2,group_stage_joint_raw_p
G_lite,1,Intercept,0.09888174033945031,0.15974156839285775,0.6190107016870346,0.5380728308505675,-0.22014420144391983,0.4179076821228204,198,66,0.06616928944938383,0.06626062805142105
G_lite,1,group[nonathlete_high_hr],0.12267259276524964,0.1813919273867386,0.67628474173332,0.5012592735684254,-0.23959210169509568,0.4849372872255949,198,66,0.06616928944938383,0.06626062805142105
G_lite,1,group[nonathlete_low_hr],-0.32435138370079675,0.27172349902240417,-1.1936817568879212,0.23694091228774064,-0.8670206841993576,0.21831791679776413,198,66,0.06616928944938383,0.06626062805142105
G_lite,1,stage[exercise1],0.052139715231981965,0.161172042170985,0.3235034720020965,0.7473525218473266,-0.2697430799606468,0.3740225104246107,198,66,0.06616928944938383,0.06626062805142105
G_lite,1,stage[exercise2],-0.18856891926820843,0.2435923722848805,-0.7741166831269974,0.44166841850133415,-0.675056480153481,0.29791864161706405,198,66,0.06616928944938383,0.06626062805142105
G_lite,1,group[nonathlete_high_hr]:stage[exercise1],-0.4508494255908658,0.24729545157612462,-1.8231205738617537,0.07288404408057661,-0.9447325465064633,0.04303369532473167,198,66,0.06616928944938383,0.06626062805142105
G_lite,1,group[nonathlete_high_hr]:stage[exercise2],0.17396683349007366,0.26297198102750924,0.6615413277503324,0.5106035903530772,-0.3512244786649078,0.6991581456450552,198,66,0.06616928944938383,0.06626062805142105
G_lite,1,group[nonathlete_low_hr]:stage[exercise1],-0.04899717973599475,0.24599982648981633,-0.19917566786585963,0.8427470722528717,-0.5402927586766623,0.4422983992046728,198,66,0.06616928944938383,0.06626062805142105
G_lite,1,group[nonathlete_low_hr]:stage[exercise2],0.44612558523364454,0.33489761677395496,1.3321252910998314,0.18747097321182354,-0.2227111406557587,1.1149623111230478,198,66,0.06616928944938383,0.06626062805142105
G_lite,2,Intercept,0.17999520495014915,0.16266626294081066,1.1065306456056223,0.2725753598139546,-0.14487175518540513,0.5048621650857035,198,66,0.060662295338968164,0.7272697260231266
G_lite,2,group[nonathlete_high_hr],-0.17816473158777058,0.19777830525630632,-0.9008305099838024,0.37100410026849795,-0.5731552824726653,0.21682581929712424,198,66,0.060662295338968164,0.7272697260231266
G_lite,2,group[nonathlete_low_hr],-0.3730507090436123,0.2207658818153177,-1.6898023642787743,0.09585702882947554,-0.8139506204965722,0.06784920240934755,198,66,0.060662295338968164,0.7272697260231266
G_lite,2,stage[exercise1],-0.0014428004437528376,0.19257112413459992,-0.007492299015424424,0.994045014066837,-0.3860338925146246,0.38314829162711894,198,66,0.060662295338968164,0.7272697260231266
G_lite,2,stage[exercise2],0.08456730211350703,0.21321653539816585,0.39662637775997983,0.6929421923602074,-0.3412555234261755,0.5103901276531896,198,66,0.060662295338968164,0.7272697260231266
G_lite,2,group[nonathlete_high_hr]:stage[exercise1],-0.1443514178729763,0.2530125538335426,-0.5705306542534065,0.5702849311789279,-0.6496523804330168,0.3609495446870641,198,66,0.060662295338968164,0.7272697260231266
G_lite,2,group[nonathlete_high_hr]:stage[exercise2],-0.07310300906649264,0.2700098927897906,-0.27074196545607737,0.7874473810729363,-0.6123500015978443,0.4661439834648589,198,66,0.060662295338968164,0.7272697260231266
G_lite,2,group[nonathlete_low_hr]:stage[exercise1],0.11587591851619211,0.274760911375152,0.4217336372056864,0.6746109844972343,-0.43285951333545963,0.6646113503678439,198,66,0.060662295338968164,0.7272697260231266
G_lite,2,group[nonathlete_low_hr]:stage[exercise2],-0.07992603643852982,0.29322890754865666,-0.27257215909133164,0.78604616695657,-0.6655446035403262,0.5056925306632666,198,66,0.060662295338968164,0.7272697260231266
G_lite,3,Intercept,0.12478986705401066,0.12816903272317434,0.9736350848768425,0.3338472702367077,-0.131181366879376,0.38076110098739735,198,66,0.08032889258937392,0.3450169532927018
G_lite,3,group[nonathlete_high_hr],-0.08298293075479488,0.16782895847968254,-0.49444941746951754,0.6226558600308708,-0.41816050586051645,0.25219464435092676,198,66,0.08032889258937392,0.3450169532927018
G_lite,3,group[nonathlete_low_hr],-0.35543280783850933,0.19808951872841443,-1.7943039597456765,0.07741507671402456,-0.7510448949461536,0.04017927926913489,198,66,0.08032889258937392,0.3450169532927018
G_lite,3,stage[exercise1],0.20089328885871238,0.1369047272891839,1.4673948287728986,0.14709089347198165,-0.07252433184858603,0.4743109095660108,198,66,0.08032889258937392,0.3450169532927018
G_lite,3,stage[exercise2],0.15242197318968873,0.15097140440905843,1.0096082353231608,0.31642666142857967,-0.14908874163882155,0.45393268801819897,198,66,0.08032889258937392,0.3450169532927018
G_lite,3,group[nonathlete_high_hr]:stage[exercise1],-0.24430886405570632,0.20910666140555462,-1.1683456778159655,0.246934745549203,-0.6619237044460305,0.17330597633461794,198,66,0.08032889258937392,0.3450169532927018
G_lite,3,group[nonathlete_high_hr]:stage[exercise2],-0.3493446426768057,0.2058477305055596,-1.6971022309491555,0.09446121710379576,-0.7604509486259199,0.06176166327230842,198,66,0.08032889258937392,0.3450169532927018
G_lite,3,group[nonathlete_low_hr]:stage[exercise1],-0.20437012974261368,0.18539376616326977,-1.1023570747391371,0.2743714150210958,-0.5746270481268425,0.16588678864161513,198,66,0.08032889258937392,0.3450169532927018
G_lite,3,group[nonathlete_low_hr]:stage[exercise2],-0.03148363287639623,0.22468025698144276,-0.1401263880475114,0.8889934474510012,-0.48020109136129263,0.4172338256085002,198,66,0.08032889258937392,0.3450169532927018
G_lite,4,Intercept,0.022507271743771644,0.14270985906128736,0.1577135027097588,0.8751714805459961,-0.2625039976888054,0.3075185411763487,198,66,0.12987138822197108,0.49349596541605434
G_lite,4,group[nonathlete_high_hr],-0.1544346027545703,0.17845028926369455,-0.8654208597351363,0.3899907995979783,-0.5108244402066132,0.20195523469747265,198,66,0.12987138822197108,0.49349596541605434
G_lite,4,group[nonathlete_low_hr],-0.3125666911257083,0.20915574236829196,-1.494420796610619,0.1399047511492336,-0.7302795529672956,0.10514617071587906,198,66,0.12987138822197108,0.49349596541605434
G_lite,4,stage[exercise1],0.33001202292029613,0.14432935988534482,2.286520380762844,0.025490247605438974,0.041766386999321836,0.6182576588412705,198,66,0.12987138822197108,0.49349596541605434
G_lite,4,stage[exercise2],0.4549318553530286,0.16449238329438143,2.765671250193186,0.00738666189935627,0.12641788103407192,0.7834458296719853,198,66,0.12987138822197108,0.49349596541605434
G_lite,4,group[nonathlete_high_hr]:stage[exercise1],-0.1781902664315094,0.1877478176409152,-0.9490936761369686,0.3460884758169921,-0.55314855026005,0.1967680173970313,198,66,0.12987138822197108,0.49349596541605434
G_lite,4,group[nonathlete_high_hr]:stage[exercise2],-0.29684136291594865,0.20611556240536336,-1.4401695798794498,0.15461881069637615,-0.7084825661052375,0.11479984027334023,198,66,0.12987138822197108,0.49349596541605434
G_lite,4,group[nonathlete_low_hr]:stage[exercise1],-0.2521484810273512,0.18248320306113616,-1.3817626871820938,0.17177539561278848,-0.616592603505542,0.11229564145083953,198,66,0.12987138822197108,0.49349596541605434
G_lite,4,group[nonathlete_low_hr]:stage[exercise2],-0.38656147769777066,0.24038466534688355,-1.6080954129912939,0.1126612581444735,-0.8666428054581574,0.0935198500626161,198,66,0.12987138822197108,0.49349596541605434
G_lite,5,Intercept,-0.007261721150493109,0.08173151152583348,-0.0888484871370309,0.9294755105210681,-0.17049082112891312,0.15596737882792688,198,66,0.16906352089918364,0.09936961243596587
G_lite,5,group[nonathlete_high_hr],-0.252753381532106,0.16138025087123908,-1.5661977234982183,0.12215818318767137,-0.5750519982128692,0.06954523514865724,198,66,0.16906352089918364,0.09936961243596587
G_lite,5,group[nonathlete_low_hr],-0.2575060417496967,0.1562382572314828,-1.6481625327411036,0.10414521060252438,-0.569535388007792,0.05452330450839865,198,66,0.16906352089918364,0.09936961243596587
G_lite,5,stage[exercise1],0.41378916227900014,0.14082775857182023,2.9382642063991478,0.004563507532696249,0.13253670708134102,0.6950416174766593,198,66,0.16906352089918364,0.09936961243596587
G_lite,5,stage[exercise2],0.4852441621003471,0.15640778055449728,3.1024298176219762,0.002839522821914916,0.17287625438750293,0.7976120698131912,198,66,0.16906352089918364,0.09936961243596587
G_lite,5,group[nonathlete_high_hr]:stage[exercise1],-0.11612013979255995,0.18083197285435507,-0.6421438529904495,0.5230381650830458,-0.47726652782930623,0.2450262482441863,198,66,0.16906352089918364,0.09936961243596587
G_lite,5,group[nonathlete_high_hr]:stage[exercise2],-0.05827349381576233,0.18538924823573125,-0.3143304931128736,0.7542767426049682,-0.42852138927563654,0.31197440164411194,198,66,0.16906352089918364,0.09936961243596587
G_lite,5,group[nonathlete_low_hr]:stage[exercise1],-0.3693020965721521,0.1882440603469057,-1.9618260246383525,0.05406764301600205,-0.7452514455205894,0.006647252376285218,198,66,0.16906352089918364,0.09936961243596587
G_lite,5,group[nonathlete_low_hr]:stage[exercise2],-0.5148771292029586,0.22537234951875718,-2.284562104900569,0.025611676642065647,-0.9649767919302409,-0.06477746647567628,198,66,0.16906352089918364,0.09936961243596587
pi_MOT_lite,1,Intercept,-0.48804948525076736,0.2877622706780923,-1.696016243202112,0.0946678079723521,-1.0627504246269461,0.08665145412541148,198,66,0.05390300467148901,0.15477435709458254
pi_MOT_lite,1,group[nonathlete_high_hr],0.5529413270421267,0.3351861796370413,1.649654313435247,0.10383852791288414,-0.11647169868010032,1.222354352764354,198,66,0.05390300467148901,0.15477435709458254
pi_MOT_lite,1,group[nonathlete_low_hr],0.3039881369725032,0.42586390799511503,0.7138152148267756,0.47789682495006053,-0.5465208175005054,1.154497091445512,198,66,0.05390300467148901,0.15477435709458254
pi_MOT_lite,1,stage[exercise1],0.6940070821086612,0.29872049854017985,2.3232656797916826,0.023304364690460697,0.09742105046030991,1.2905931137570126,198,66,0.05390300467148901,0.15477435709458254
pi_MOT_lite,1,stage[exercise2],0.37713783853641575,0.4077425543008487,0.9249410799986023,0.35841781005989776,-0.43718027352239414,1.1914559505952256,198,66,0.05390300467148901,0.15477435709458254
pi_MOT_lite,1,group[nonathlete_high_hr]:stage[exercise1],-0.9898931025229691,0.428974796170115,-2.3075787001025003,0.024216322148397123,-1.8466149296990388,-0.13317127534689954,198,66,0.05390300467148901,0.15477435709458254
pi_MOT_lite,1,group[nonathlete_high_hr]:stage[exercise2],-0.34793366698014616,0.45334541628697234,-0.7674802798930266,0.44557501638713837,-1.2533269834426122,0.55745964948232,198,66,0.05390300467148901,0.15477435709458254
pi_MOT_lite,1,group[nonathlete_low_hr]:stage[exercise1],0.06170860890050914,0.563630160755158,0.10948422067731657,0.9131557483414434,-1.063938551456696,1.1873557692577144,198,66,0.05390300467148901,0.15477435709458254
pi_MOT_lite,1,group[nonathlete_low_hr]:stage[exercise2],-0.13025040846614386,0.5716544985134774,-0.2278481299540986,0.8204795220037459,-1.2719232779502296,1.011422461017942,198,66,0.05390300467148901,0.15477435709458254
pi_MOT_lite,2,Intercept,0.13831987144207092,0.25612593205201245,0.5400463371041312,0.5910106219218749,-0.3731989367812376,0.6498386796653794,198,66,0.03373542854324252,0.2934562054904127
pi_MOT_lite,2,group[nonathlete_high_hr],-0.47893450781933067,0.3588625098933705,-1.334590531514806,0.186666704693914,-1.1956324302280814,0.23776341458941996,198,66,0.03373542854324252,0.2934562054904127
pi_MOT_lite,2,group[nonathlete_low_hr],-0.3698012301355948,0.3529257958441817,-1.0478158142309997,0.29860412018127913,-1.074642715865427,0.3350402555942375,198,66,0.03373542854324252,0.2934562054904127
pi_MOT_lite,2,stage[exercise1],-0.27722431980660855,0.27670628085454896,-1.0018721618839288,0.3201205298046788,-0.8298449227913928,0.27539628317817566,198,66,0.03373542854324252,0.2934562054904127
pi_MOT_lite,2,stage[exercise2],-0.10212823675343144,0.25706287969140473,-0.3972889313152989,0.692456021061991,-0.6155182586255488,0.41126178511868594,198,66,0.03373542854324252,0.2934562054904127
pi_MOT_lite,2,group[nonathlete_high_hr]:stage[exercise1],0.5420110064081747,0.4379356758998742,1.2376498107728848,0.22029808384737137,-0.3326069333687385,1.4166289461850878,198,66,0.03373542854324252,0.2934562054904127
pi_MOT_lite,2,group[nonathlete_high_hr]:stage[exercise2],0.36303188103245015,0.3897850700570453,0.9313642540985989,0.3551116500849097,-0.4154226585037079,1.1414864205686082,198,66,0.03373542854324252,0.2934562054904127
pi_MOT_lite,2,group[nonathlete_low_hr]:stage[exercise1],0.863660174941059,0.40671429587093766,2.1235058214307854,0.037522820920943584,0.05139563677224801,1.67592471310987,198,66,0.03373542854324252,0.2934562054904127
pi_MOT_lite,2,group[nonathlete_low_hr]:stage[exercise2],0.6948539161853882,0.46293079255293695,1.5009887597959481,0.13820077680236068,-0.22968271858403688,1.6193905509548132,198,66,0.03373542854324252,0.2934562054904127
pi_MOT_lite,3,Intercept,0.14204295511673604,0.25468550725062705,0.5577190341535867,0.5789520674445461,-0.3665991261315378,0.6506850363650099,198,66,0.038547595677554725,0.6816335067746445
pi_MOT_lite,3,group[nonathlete_high_hr],-0.320737911543874,0.3330373693436451,-0.9630688357165111,0.33908224875142756,-0.9858594667712165,0.3443836436834685,198,66,0.038547595677554725,0.6816335067746445
pi_MOT_lite,3,group[nonathlete_low_hr],-0.4534930984699128,0.41791915081577763,-1.0851216020723025,0.2818760532858812,-1.2881352772070973,0.38114908026727157,198,66,0.038547595677554725,0.6816335067746445
pi_MOT_lite,3,stage[exercise1],-0.013367907048488809,0.27725141415471155,-0.048215829986819336,0.9616920793827641,-0.5670772164121546,0.540341402315177,198,66,0.038547595677554725,0.6816335067746445
pi_MOT_lite,3,stage[exercise2],0.10769122836522499,0.30783089175499606,0.34983892536340017,0.7275905919730413,-0.5070895149327932,0.7224719716632431,198,66,0.038547595677554725,0.6816335067746445
pi_MOT_lite,3,group[nonathlete_high_hr]:stage[exercise1],0.06879566558521018,0.39923242828280386,0.17231983353936736,0.8637215105197562,-0.7285265511977692,0.8661178823681897,198,66,0.038547595677554725,0.6816335067746445
pi_MOT_lite,3,group[nonathlete_high_hr]:stage[exercise2],0.21211178528284108,0.4243189553454938,0.4998876024997116,0.6188423292779299,-0.6353116856869383,1.0595352562526206,198,66,0.038547595677554725,0.6816335067746445
pi_MOT_lite,3,group[nonathlete_low_hr]:stage[exercise1],-0.0191312959845691,0.4246098961286613,-0.04505617075578501,0.9642006728823931,-0.8671358158215096,0.8288732238523714,198,66,0.038547595677554725,0.6816335067746445
pi_MOT_lite,3,group[nonathlete_low_hr]:stage[exercise2],0.5305287826008264,0.4513830699435474,1.1753404545438033,0.24414592677782193,-0.37094545758979125,1.432003022791444,198,66,0.038547595677554725,0.6816335067746445
pi_MOT_lite,4,Intercept,0.15306959840994916,0.22889268818598352,0.668739572343065,0.5060297622522257,-0.304060666120029,0.6101998629399273,198,66,0.04333138167746442,0.27704174652332736
pi_MOT_lite,4,group[nonathlete_high_hr],-0.3203895673283237,0.28427726088668714,-1.1270319909830244,0.26387240934337364,-0.88813046153897,0.24735132688232264,198,66,0.04333138167746442,0.27704174652332736
pi_MOT_lite,4,group[nonathlete_low_hr],-0.3433426437321898,0.4043418737155046,-0.8491394684829652,0.39892028208861263,-1.1508691276796763,0.4641838402152967,198,66,0.04333138167746442,0.27704174652332736
pi_MOT_lite,4,stage[exercise1],0.29762236330441005,0.3170997804179399,0.9385763777954735,0.3514229481581509,-0.335669628911038,0.9309143555198581,198,66,0.04333138167746442,0.27704174652332736
pi_MOT_lite,4,stage[exercise2],-0.09262384823818937,0.2865768620450827,-0.32320769924411513,0.7475754641543716,-0.6649573630964496,0.47970966662007086,198,66,0.04333138167746442,0.27704174652332736
pi_MOT_lite,4,group[nonathlete_high_hr]:stage[exercise1],-0.41217293849468606,0.37499437531077423,-1.0991443222397679,0.27575961438807123,-1.1610884208616117,0.33674254387223956,198,66,0.04333138167746442,0.27704174652332736
pi_MOT_lite,4,group[nonathlete_high_hr]:stage[exercise2],-0.024381671484747527,0.3792225833712708,-0.06429382783059918,0.9489335900220711,-0.7817414684538595,0.7329781254843644,198,66,0.04333138167746442,0.27704174652332736
pi_MOT_lite,4,group[nonathlete_low_hr]:stage[exercise1],0.2352438241158889,0.3870452911851511,0.6077940475533525,0.5454418475418236,-0.5377389991745978,1.0082266474063755,198,66,0.04333138167746442,0.27704174652332736
pi_MOT_lite,4,group[nonathlete_low_hr]:stage[exercise2],0.26341836597345086,0.4688148448131876,0.5618814525346724,0.5761292317347544,-0.6728695326198804,1.199706264566782,198,66,0.04333138167746442,0.27704174652332736
pi_MOT_lite,5,Intercept,-0.08810743421545524,0.29954909346267355,-0.29413353649969964,0.7695931080811866,-0.6863482841942199,0.5101334157633095,198,66,0.04779603061537385,0.7276894543067852
pi_MOT_lite,5,group[nonathlete_high_hr],-0.37767240520040324,0.36509672690562817,-1.0344447850884888,0.30476166302697955,-1.1068209187334759,0.3514761083326695,198,66,0.04779603061537385,0.7276894543067852
pi_MOT_lite,5,group[nonathlete_low_hr],-0.3631293107123876,0.36948432113686813,-0.9828003245038198,0.3293498401493407,-1.1010404550113118,0.37478183358653655,198,66,0.04779603061537385,0.7276894543067852
pi_MOT_lite,5,stage[exercise1],0.1566352593207275,0.322938236123315,0.4850316308190766,0.6292846096229071,-0.4883169341103928,0.8015874527518478,198,66,0.04779603061537385,0.7276894543067852
pi_MOT_lite,5,stage[exercise2],0.3523055089247083,0.2660564910284233,1.3241755822716268,0.19008234483675523,-0.17904599508191293,0.8836570129313295,198,66,0.04779603061537385,0.7276894543067852
pi_MOT_lite,5,group[nonathlete_high_hr]:stage[exercise1],0.5373806237726497,0.4146271422201466,1.2960575154226808,0.19953882503879242,-0.2906869598034477,1.3654482073487473,198,66,0.04779603061537385,0.7276894543067852
pi_MOT_lite,5,group[nonathlete_high_hr]:stage[exercise2],0.32611323193477676,0.390011383011874,0.8361633689159482,0.40612641186201137,-0.45279328578262984,1.1050197496521834,198,66,0.04779603061537385,0.7276894543067852
pi_MOT_lite,5,group[nonathlete_low_hr]:stage[exercise1],0.3277037601923018,0.3897770705042268,0.8407466343989266,0.4035721091442705,-0.45073480313367215,1.1061423235182757,198,66,0.04779603061537385,0.7276894543067852
pi_MOT_lite,5,group[nonathlete_low_hr]:stage[exercise2],0.3096031968547732,0.37779129105587306,0.8195085598439186,0.4154911540905767,-0.4448981119732678,1.0641045056828142,198,66,0.04779603061537385,0.7276894543067852
