metric,term,estimate,se_cluster,z_or_t,raw_p,ci_low,ci_high,n_rows,n_subjects,r2
G_lite,Intercept,0.09888174033944583,0.160065588134307,0.6177576423014587,0.5388935112675586,-0.22079131355263995,0.41855479423153163,990,66,0.10164962526641708
G_lite,group[nonathlete_high_hr],0.12267259276525705,0.18175986270878636,0.6749157428766422,0.502123019381641,-0.24032691927458627,0.48567210480510037,990,66,0.10164962526641708
G_lite,group[nonathlete_low_hr],-0.3243513837007882,0.2722746628727743,-1.1912653945782232,0.23788124122611282,-0.8681214344186585,0.21941866701708213,990,66,0.10164962526641708
G_lite,stage[exercise1],0.05213971523199136,0.1614989634849443,0.3228486060026761,0.7478461640830723,-0.2703959869098069,0.37467541737378957,990,66,0.10164962526641708
G_lite,stage[exercise2],-0.1885689192681964,0.24408647496761213,-0.7725496436999127,0.44258906103818463,-0.6760432713517904,0.2989054328153976,990,66,0.10164962526641708
G_lite,load[2],0.08111346461070691,0.190008025862143,0.4268949390040891,0.6708665497322203,-0.2983587667373071,0.4605856959587209,990,66,0.10164962526641708
G_lite,load[3],0.025908126714563575,0.18693505796604573,0.13859426367883032,0.8901992667166869,-0.34742696395688294,0.39924321738601004,990,66,0.10164962526641708
G_lite,load[4],-0.07637446859566949,0.17175835187848637,-0.4446623279763538,0.6580409272484103,-0.4193995842151275,0.26665064702378855,990,66,0.10164962526641708
G_lite,load[5],-0.10614346148993337,0.1649179649888813,-0.6436136990720781,0.5220903929738535,-0.4355073811440935,0.22322045816422675,990,66,0.10164962526641708
G_lite,group[nonathlete_high_hr]:stage[exercise1],-0.45084942559087665,0.24779706558359377,-1.8194300425998533,0.07345164203626761,-0.9457343388561712,0.04403548767441795,990,66,0.10164962526641708
G_lite,group[nonathlete_high_hr]:stage[exercise2],0.17396683349006004,0.2635053933018379,0.6602021738916971,0.5114569338116947,-0.3522897765387848,0.7002234435189049,990,66,0.10164962526641708
G_lite,group[nonathlete_low_hr]:stage[exercise1],-0.048997179736007125,0.24649881245182703,-0.19877247784137939,0.8430611613983612,-0.5412893024571617,0.44329494298514743,990,66,0.10164962526641708
G_lite,group[nonathlete_low_hr]:stage[exercise2],0.44612558523362805,0.3355769229826771,1.329428678433462,0.18835372001107265,-0.2240678088366202,1.1163189793038764,990,66,0.10164962526641708
G_lite,group[nonathlete_high_hr]:load[2],-0.30083732435303123,0.22670244559913827,-1.3270140229760925,0.18914682626634755,-0.7535933723842463,0.15191872367818376,990,66,0.10164962526641708
G_lite,group[nonathlete_high_hr]:load[3],-0.20565552352005184,0.22775629389015495,-0.9029630751685741,0.3698796606376239,-0.6605162519229504,0.2492052048828467,990,66,0.10164962526641708
G_lite,group[nonathlete_high_hr]:load[4],-0.27710719551983337,0.1925105356022573,-1.4394391177237165,0.15482483825103263,-0.66157728393595,0.10736289289628315,990,66,0.10164962526641708
G_lite,group[nonathlete_high_hr]:load[5],-0.3754259742973685,0.22201966729296438,-1.69095818796079,0.09563490399048603,-0.8188298682567279,0.0679779196619909,990,66,0.10164962526641708
G_lite,group[nonathlete_low_hr]:load[2],-0.04869932534282535,0.30725852675636317,-0.15849625348702162,0.8745571773868895,-0.662336976804637,0.5649383261189862,990,66,0.10164962526641708
G_lite,group[nonathlete_low_hr]:load[3],-0.031081424137716807,0.29255061753499584,-0.10624289362164395,0.9157168533153311,-0.6153453525403474,0.5531825042649139,990,66,0.10164962526641708
G_lite,group[nonathlete_low_hr]:load[4],0.011784692575077707,0.2766797861689566,0.04259325460039678,0.9661563439737479,-0.5407829968687391,0.5643523820188946,990,66,0.10164962526641708
G_lite,group[nonathlete_low_hr]:load[5],0.06684534195108946,0.24370732900478348,0.27428531683500346,0.7847351988132603,-0.41987180335732566,0.5535624872595046,990,66,0.10164962526641708
G_lite,stage[exercise1]:load[2],-0.05358251567574622,0.23118516818877366,-0.23177315437465068,0.8174423319279124,-0.5152911789235272,0.40812614757203475,990,66,0.10164962526641708
G_lite,stage[exercise1]:load[3],0.14875357362672292,0.21963871684549782,0.6772648090607897,0.5006414122436964,-0.28989523393599814,0.587402381189444,990,66,0.10164962526641708
G_lite,stage[exercise1]:load[4],0.277872307688301,0.23135445386723125,1.2010674661477028,0.23408343122486497,-0.18417444240527547,0.7399190577818775,990,66,0.10164962526641708
G_lite,stage[exercise1]:load[5],0.3616494470470037,0.21210246949954006,1.7050694784474818,0.09295686437413148,-0.0619484352540865,0.7852473293480939,990,66,0.10164962526641708
G_lite,stage[exercise2]:load[2],0.2731362213817002,0.2721529977671004,1.0036127605525815,0.31928691256033803,-0.27039084734150026,0.8166632901049007,990,66,0.10164962526641708
G_lite,stage[exercise2]:load[3],0.3409908924578874,0.28188978563755873,1.2096603347533785,0.2307904524826576,-0.22198188442737687,0.9039636693431516,990,66,0.10164962526641708
G_lite,stage[exercise2]:load[4],0.6435007746212205,0.2507668255200264,2.566131996474271,0.012597709441106388,0.14268484120805247,1.1443167080343883,990,66,0.10164962526641708
G_lite,stage[exercise2]:load[5],0.6738130813685386,0.25286067181907473,2.664760306619216,0.009706386238128887,0.16881544813719485,1.1788107145998823,990,66,0.10164962526641708
G_lite,group[nonathlete_high_hr]:stage[exercise1]:load[2],0.30649800771790253,0.31809715868393507,0.9635358234131303,0.3388497504395225,-0.32878588644157075,0.9417819018773759,990,66,0.10164962526641708
G_lite,group[nonathlete_high_hr]:stage[exercise1]:load[3],0.20654056153516961,0.31563342446161574,0.654368471550411,0.5151831904265821,-0.423822915612707,0.8369040386830463,990,66,0.10164962526641708
G_lite,group[nonathlete_high_hr]:stage[exercise1]:load[4],0.2726591591593722,0.3117727615432331,0.874544517005739,0.3850417499342612,-0.3499940417226792,0.8953123600414237,990,66,0.10164962526641708
G_lite,group[nonathlete_high_hr]:stage[exercise1]:load[5],0.3347292857983216,0.31661485469887984,1.057212827606177,0.2943278582325351,-0.29759424288083736,0.9670528144774806,990,66,0.10164962526641708
G_lite,group[nonathlete_high_hr]:stage[exercise2]:load[2],-0.24706984255654768,0.33261798253634955,-0.7428036231611354,0.46027676326174777,-0.9113538244927608,0.4172141393796654,990,66,0.10164962526641708
G_lite,group[nonathlete_high_hr]:stage[exercise2]:load[3],-0.523311476166866,0.336165611323855,-1.5567073446507846,0.12439594275437299,-1.1946805620395091,0.14805760970577697,990,66,0.10164962526641708
G_lite,group[nonathlete_high_hr]:stage[exercise2]:load[4],-0.4708081964060015,0.276696997380087,-1.7015298353934507,0.09362276330052216,-1.0234102590120162,0.08179386620001311,990,66,0.10164962526641708
G_lite,group[nonathlete_high_hr]:stage[exercise2]:load[5],-0.232240327305815,0.2918514246565853,-0.7957484791416959,0.42907475186435534,-0.8151078711056942,0.35062721649406414,990,66,0.10164962526641708
G_lite,group[nonathlete_low_hr]:stage[exercise1]:load[2],0.16487309825220473,0.3840876231484109,0.42925907609498265,0.6691541908840057,-0.6022028540816686,0.9319490505860781,990,66,0.10164962526641708
G_lite,group[nonathlete_low_hr]:stage[exercise1]:load[3],-0.1553729500066079,0.3338389214467856,-0.4654129282866574,0.6431913962913246,-0.8220953153246837,0.5113494153114679,990,66,0.10164962526641708
G_lite,group[nonathlete_low_hr]:stage[exercise1]:load[4],-0.2031513012913379,0.343181397044709,-0.5919647831752132,0.555927674614403,-0.8885318787842538,0.482229276201578,990,66,0.10164962526641708
G_lite,group[nonathlete_low_hr]:stage[exercise1]:load[5],-0.3203049168361401,0.2679726476652948,-1.1952895925266587,0.23631671321101158,-0.8554832499006744,0.21487341622839412,990,66,0.10164962526641708
G_lite,group[nonathlete_low_hr]:stage[exercise2]:load[2],-0.5260516216721532,0.40667973835781296,-1.2935279829685347,0.20040648822119217,-1.3382471437214831,0.28614390037717663,990,66,0.10164962526641708
G_lite,group[nonathlete_low_hr]:stage[exercise2]:load[3],-0.4776092181100245,0.397875153946414,-1.2003997067239567,0.23434075095528914,-1.272220770863712,0.3170023346436632,990,66,0.10164962526641708
G_lite,group[nonathlete_low_hr]:stage[exercise2]:load[4],-0.8326870629313923,0.3489112353642783,-2.3865298062472284,0.019928646734230983,-1.5295109177412771,-0.13586320812150743,990,66,0.10164962526641708
G_lite,group[nonathlete_low_hr]:stage[exercise2]:load[5],-0.9610027144365798,0.36476330585210254,-2.6345926221707985,0.010519082582978808,-1.6894853401442005,-0.23252008872895913,990,66,0.10164962526641708
pi_MOT_lite,Intercept,-0.48804948525076297,0.288345967567244,-1.6925830084200741,0.09532336109214914,-1.0639161478112773,0.08781717730975125,990,66,0.0433874462849585
pi_MOT_lite,group[nonathlete_high_hr],0.552941327042113,0.3358660711665539,1.6463149288095633,0.1045260641352992,-0.11782953582729838,1.2237121899115242,990,66,0.0433874462849585
pi_MOT_lite,group[nonathlete_low_hr],0.3039881369725085,0.4267277301971236,0.7123702432745195,0.4787848943800521,-0.5482459895662422,1.1562222635112591,990,66,0.0433874462849585
pi_MOT_lite,stage[exercise1],0.6940070821086471,0.2993264230948862,2.3185627080060605,0.023574515461246115,0.09621093556246618,1.2918032286548282,990,66,0.0433874462849585
pi_MOT_lite,stage[exercise2],0.3771378385364023,0.40856961915536394,0.923068727714164,0.3593852713771758,-0.43883203609605864,1.1931077131688632,990,66,0.0433874462849585
pi_MOT_lite,load[2],0.6263693566928371,0.35877694959253037,1.745846151499466,0.08556266516887913,-0.09015768999565232,1.3428964033813267,990,66,0.0433874462849585
pi_MOT_lite,load[3],0.6300924403674923,0.39505500660489473,1.5949486269836468,0.1155749469648459,-0.15888688922319627,1.419071769958181,990,66,0.0433874462849585
pi_MOT_lite,load[4],0.6411190836607137,0.3804523331294966,1.6851495649587527,0.09675547621845974,-0.11869669316838694,1.4009348604898144,990,66,0.0433874462849585
pi_MOT_lite,load[5],0.39994205103530267,0.4193051412652957,0.9538210045038729,0.34370801352980684,-0.4374681417692836,1.237352243839889,990,66,0.0433874462849585
pi_MOT_lite,group[nonathlete_high_hr]:stage[exercise1],-0.9898931025229396,0.4298449284965836,-2.302907483368871,0.024493930695045452,-1.848352703953517,-0.1314335010923623,990,66,0.0433874462849585
pi_MOT_lite,group[nonathlete_high_hr]:stage[exercise2],-0.347933666980129,0.4542649819707686,-0.7659266744943992,0.4464924669221558,-1.255163482928961,0.5592961489687029,990,66,0.0433874462849585
pi_MOT_lite,group[nonathlete_low_hr]:stage[exercise1],0.06170860890051496,0.5647734279760768,0.10926259247297462,0.9133308367667942,-1.0662218137630088,1.1896390315640388,990,66,0.0433874462849585
pi_MOT_lite,group[nonathlete_low_hr]:stage[exercise2],-0.13025040846614244,0.5728140422983128,-0.22738689844881635,0.820836605561165,-1.2742390467993634,1.0137382298670785,990,66,0.0433874462849585
pi_MOT_lite,group[nonathlete_high_hr]:load[2],-1.0318758348614465,0.4375059611610985,-2.358541200496898,0.021364217876218682,-1.905635575043756,-0.15811609467913712,990,66,0.0433874462849585
pi_MOT_lite,group[nonathlete_high_hr]:load[3],-0.8736792385859781,0.44676126713281217,-1.9555841180973568,0.05481530380501581,-1.7659231011781638,0.01856462400620762,990,66,0.0433874462849585
pi_MOT_lite,group[nonathlete_high_hr]:load[4],-0.8733308943704395,0.41850279750312747,-2.0867982235266016,0.040832941126171654,-1.7091386960320376,-0.037523092708841355,990,66,0.0433874462849585
pi_MOT_lite,group[nonathlete_high_hr]:load[5],-0.930613732242512,0.47763739314477816,-1.9483686696205353,0.055690551207655245,-1.8845214765574834,0.023294012072459402,990,66,0.0433874462849585
pi_MOT_lite,group[nonathlete_low_hr]:load[2],-0.6737893671081091,0.5401032381572651,-1.2475195842316313,0.2166829754429192,-1.7524500184772576,0.40487128426103947,990,66,0.0433874462849585
pi_MOT_lite,group[nonathlete_low_hr]:load[3],-0.7574812354424146,0.5963443588336235,-1.270207765399098,0.2085387265822799,-1.948463160924768,0.43350069003993863,990,66,0.0433874462849585
pi_MOT_lite,group[nonathlete_low_hr]:load[4],-0.6473307807047017,0.5713874060755283,-1.132910480388038,0.26141352353861297,-1.7884702297559147,0.49380866834651127,990,66,0.0433874462849585
pi_MOT_lite,group[nonathlete_low_hr]:load[5],-0.6671174476848917,0.5843111948214328,-1.1417160129693642,0.25776069458610296,-1.8340674851606003,0.499832589790817,990,66,0.0433874462849585
pi_MOT_lite,stage[exercise1]:load[2],-0.9712314019152573,0.42947608847449054,-2.2614330063522154,0.027085068319775862,-1.8289543789555802,-0.11350842487493418,990,66,0.0433874462849585
pi_MOT_lite,stage[exercise1]:load[3],-0.7073749891571206,0.3753922073262448,-1.884362475703597,0.06398896300012455,-1.4570849969233146,0.042335018609073294,990,66,0.0433874462849585
pi_MOT_lite,stage[exercise1]:load[4],-0.3963847188042376,0.41436797628504163,-0.9566007546190456,0.342313267633766,-1.223934712266773,0.43116527465829774,990,66,0.0433874462849585
pi_MOT_lite,stage[exercise1]:load[5],-0.5373718227879125,0.505292221820921,-1.0634872249792136,0.2914960904730743,-1.5465100738020952,0.47176642822627013,990,66,0.0433874462849585
pi_MOT_lite,stage[exercise2]:load[2],-0.47926607528983917,0.47112345290562413,-1.0172834154911965,0.3127902601627249,-1.4201645826201958,0.46163243204051757,990,66,0.0433874462849585
pi_MOT_lite,stage[exercise2]:load[3],-0.269446610171171,0.5577304636168356,-0.4831125924587876,0.6306391135007576,-1.3833112617254006,0.8444180413830586,990,66,0.0433874462849585
pi_MOT_lite,stage[exercise2]:load[4],-0.46976168677459323,0.5050562486797571,-0.9301175621578277,0.3557518070716639,-1.478428666883195,0.5389052933340084,990,66,0.0433874462849585
pi_MOT_lite,stage[exercise2]:load[5],-0.02483232961168973,0.4576621910465399,-0.05425908038176682,0.9568951772981786,-0.9388468405884779,0.8891821813650985,990,66,0.0433874462849585
pi_MOT_lite,group[nonathlete_high_hr]:stage[exercise1]:load[2],1.5319041089311136,0.6026402458021861,2.5419877275072564,0.01341527379224675,0.32834842891689275,2.7354597889453345,990,66,0.0433874462849585
pi_MOT_lite,group[nonathlete_high_hr]:stage[exercise1]:load[3],1.0586887681081305,0.5283427340598332,2.0037916675281413,0.0492636680023822,0.0035154652937625652,2.1138620709224982,990,66,0.0433874462849585
pi_MOT_lite,group[nonathlete_high_hr]:stage[exercise1]:load[4],0.5777201640282517,0.5282975524595886,1.0935507108419615,0.2781882430665163,-0.47736290489950606,1.6328032329560094,990,66,0.0433874462849585
pi_MOT_lite,group[nonathlete_high_hr]:stage[exercise1]:load[5],1.5272737262955824,0.607295732202347,2.5148764355002986,0.01439024936627849,0.31442039790959675,2.740127054681568,990,66,0.0433874462849585
pi_MOT_lite,group[nonathlete_high_hr]:stage[exercise2]:load[2],0.7109655480125817,0.5621781414382877,1.264662382983503,0.21050805188697289,-0.41178172952318415,1.8337128255483477,990,66,0.0433874462849585
pi_MOT_lite,group[nonathlete_high_hr]:stage[exercise2]:load[3],0.560045452262956,0.6188094265690298,0.9050370408351908,0.36878819946166935,-0.6758023116083712,1.7958932161342833,990,66,0.0433874462849585
pi_MOT_lite,group[nonathlete_high_hr]:stage[exercise2]:load[4],0.32355199549537844,0.5638034175022644,0.5738737748855149,0.5680337433218924,-0.8024411824793574,1.4495451734701144,990,66,0.0433874462849585
pi_MOT_lite,group[nonathlete_high_hr]:stage[exercise2]:load[5],0.6740468989148996,0.5444419831366963,1.2380509214802093,0.22015030687413445,-0.41327882452751674,1.7613726223573158,990,66,0.0433874462849585
pi_MOT_lite,group[nonathlete_low_hr]:stage[exercise1]:load[2],0.8019515660405476,0.7824531429995683,1.0249196047270401,0.3092003841293213,-0.7607152673843594,2.3646183994654546,990,66,0.0433874462849585
pi_MOT_lite,group[nonathlete_low_hr]:stage[exercise1]:load[3],-0.08083990488510195,0.6313995666852568,-0.12803287989172701,0.8985182545493501,-1.341831914854513,1.180152105084309,990,66,0.0433874462849585
pi_MOT_lite,group[nonathlete_low_hr]:stage[exercise1]:load[4],0.1735352152153758,0.619231593207415,0.2802428317917707,0.7801811862080062,-1.0631556736531291,1.4102261040838806,990,66,0.0433874462849585
pi_MOT_lite,group[nonathlete_low_hr]:stage[exercise1]:load[5],0.26599515129178275,0.7189929838058582,0.3699551418204194,0.7126186144223977,-1.1699329925347746,1.7019232951183398,990,66,0.0433874462849585
pi_MOT_lite,group[nonathlete_low_hr]:stage[exercise2]:load[2],0.8251043246515369,0.7642317237628234,1.0796520204487154,0.28428711968392095,-0.7011718216709638,2.351380470974038,990,66,0.0433874462849585
pi_MOT_lite,group[nonathlete_low_hr]:stage[exercise2]:load[3],0.6607791910669593,0.7931659043738304,0.8330907662862984,0.40784432368217327,-0.9232825042020442,2.244840886335963,990,66,0.0433874462849585
pi_MOT_lite,group[nonathlete_low_hr]:stage[exercise2]:load[4],0.39366877443959436,0.7580904076583532,0.5192900087676721,0.6053222910235398,-1.1203423166832505,1.9076798655624392,990,66,0.0433874462849585
pi_MOT_lite,group[nonathlete_low_hr]:stage[exercise2]:load[5],0.43985360532091006,0.6776918451193019,0.6490466256731738,0.5185950420974667,-0.9135904687749701,1.7932976794167903,990,66,0.0433874462849585
